id;title;description;directed_by
1;Pizza;limão;compress alarm grená
2;RSS;Sapatos Accounts world-class;Metal Paraíba redundant
3;utilisation;sensor;Fundamental
4;Surinam niches homogeneous;virtual;multi-byte
5;Carro;Calças Pequeno generation;Borders escarlate
6;Solomon Diverse lima;dedicated;haptic
7;online;interfaces;cross-platform Avon program
8;roxo Irlanda cross-platform;European dourado;empowering withdrawal Sem
9;Phased Account Buckinghamshire;Specialist Aço turquesa;Account Facilitator
10;hierarchy Secured Cambridgeshire;Queijo;Genérico turquesa compressing
